{"cameraMode":{"drawMode":0,"name":"Shaded","section":"Shading Mode"},"sceneLighting":true,"audioPlay":false,"sceneViewState":{"m_AlwaysRefresh":false,"showFog":true,"showSkybox":true,"showFlares":true,"showImageEffects":true,"showParticleSystems":true,"showVisualEffectGraphs":true,"m_FxEnabled":true},"in2DMode":false,"pivot":{"x":-74.17457580566406,"y":-129.89918518066407,"z":31.622243881225587},"rotation":{"x":0.4878528416156769,"y":-0.14668889343738557,"z":0.08360792696475983,"w":0.8564092516899109},"size":156.21328735351563,"orthographic":false}