{"cameraMode":{"drawMode":0,"name":"Shaded","section":"Shading Mode"},"sceneLighting":true,"audioPlay":false,"sceneViewState":{"m_AlwaysRefresh":false,"showFog":true,"showSkybox":true,"showFlares":true,"showImageEffects":true,"showParticleSystems":true,"showVisualEffectGraphs":true,"m_FxEnabled":true},"in2DMode":false,"pivot":{"x":-212.39292907714845,"y":-77.27557373046875,"z":-165.81857299804688},"rotation":{"x":0.06705635040998459,"y":-0.8774917721748352,"z":0.1288902312517166,"w":0.45699378848075869},"size":156.21328735351563,"orthographic":false}