{"cameraMode":{"drawMode":0,"name":"Shaded","section":"Shading Mode"},"sceneLighting":true,"audioPlay":false,"sceneViewState":{"m_AlwaysRefresh":false,"showFog":true,"showSkybox":true,"showFlares":true,"showImageEffects":true,"showParticleSystems":true,"showVisualEffectGraphs":true,"m_FxEnabled":true},"in2DMode":false,"pivot":{"x":-229.8524169921875,"y":-114.16548156738281,"z":-106.40143585205078},"rotation":{"x":0.11418341100215912,"y":-0.8163092136383057,"z":0.17300722002983094,"w":0.5390869975090027},"size":156.21328735351563,"orthographic":false}